{
  "project_name": "SIMAP-IA",
  "problem_type": "binary_classification",
  "target": "Machine failure",
  "positive_class": 1,
  "model_selection_metric": "pr_auc",
  "selected_model": "gradient_boosting",
  "selected_model_metrics": {
    "threshold": 0.5,
    "precision": 1.0,
    "recall": 0.8088235294117647,
    "f1": 0.8943089430894309,
    "f2": 0.8409785932721713,
    "roc_auc": 0.9660820850079161,
    "pr_auc": 0.9027889590249473,
    "confusion_matrix": {
      "tn": 1932,
      "fp": 0,
      "fn": 13,
      "tp": 55
    }
  },
  "all_candidate_metrics": {
    "logistic_regression": {
      "threshold": 0.5,
      "precision": 0.18072289156626506,
      "recall": 0.8823529411764706,
      "f1": 0.3,
      "f2": 0.4966887417218543,
      "roc_auc": 0.9385808671294604,
      "pr_auc": 0.41825683883266124,
      "confusion_matrix": {
        "tn": 1660,
        "fp": 272,
        "fn": 8,
        "tp": 60
      }
    },
    "random_forest": {
      "threshold": 0.5,
      "precision": 0.7564102564102564,
      "recall": 0.8676470588235294,
      "f1": 0.8082191780821918,
      "f2": 0.8428571428571429,
      "roc_auc": 0.9831704420898795,
      "pr_auc": 0.862454387569157,
      "confusion_matrix": {
        "tn": 1913,
        "fp": 19,
        "fn": 9,
        "tp": 59
      }
    },
    "gradient_boosting": {
      "threshold": 0.5,
      "precision": 1.0,
      "recall": 0.8088235294117647,
      "f1": 0.8943089430894309,
      "f2": 0.8409785932721713,
      "roc_auc": 0.9660820850079161,
      "pr_auc": 0.9027889590249473,
      "confusion_matrix": {
        "tn": 1932,
        "fp": 0,
        "fn": 13,
        "tp": 55
      }
    }
  },
  "train_rows": 8000,
  "test_rows": 2000,
  "training_environment": "local_private",
  "training_scripts_public": false,
  "python_version": "3.12.10",
  "sklearn_version": "1.8.0",
  "notes": [
    "El dataset AI4I 2020 es sintético.",
    "El modelo estima riesgo bajo condiciones operativas.",
    "No predice fecha exacta de falla.",
    "TWF, HDF, PWF, OSF y RNF no se usan como predictores."
  ]
}